-- BTCStampsExplorer Test Seed Data
-- Generated from PRODUCTION database (btc_stamps) on 2026-02-13
-- MySQL 8.0 compatible
-- Idempotent execution using REPLACE INTO

-- ============================================================
-- BLOCK DATA (37 blocks from production)
-- ============================================================

-- Blocks around 820000 (core Bitcoin Stamps blocks)
REPLACE INTO blocks (block_index, block_time, block_hash, previous_block_hash, ledger_hash, txlist_hash, messages_hash) VALUES
(819995, UNIX_TIMESTAMP('2023-12-06 10:05:47'), '00000000000000000000aacdce0571dcb9ffb6c2258fb8f8f14265cf359afc78', '00000000000000000001e1cc298268f6f7a1b1dbb54bddaa2ca97f046f9e9e65', '9970722042f71c51d4d941f9248bca8f5d696ad9f6a1375f150f62950f5b980c', 'd9fa4343ea467c1b733afce708c4f7e26a029de91fdb013a070468ebca4f7886', 'ff3989ac9b5c2e2c50e54b05d0b786595cee9b947e9ce4b29b438615e24572f9'),
(819996, UNIX_TIMESTAMP('2023-12-06 10:11:27'), '00000000000000000001cc6916a2560549bc26057b3a0ce834c3be4010dfd134', '00000000000000000000aacdce0571dcb9ffb6c2258fb8f8f14265cf359afc78', '62506552ef86665cc7acb79d515acfca43744b5cda6f0ad1feb47014b72eafe4', 'e115d27dbff051b218d4d131ec75f327139c609b0bf1651d2524396636f54632', 'f97ae2fd18377bbabd072b988423fd64aa24ad7b1c996a9ea2fe2b4905206cff'),
(819997, UNIX_TIMESTAMP('2023-12-06 10:25:45'), '0000000000000000000123c274713d5e9de225bbf1792ffb965686910badc274', '00000000000000000001cc6916a2560549bc26057b3a0ce834c3be4010dfd134', 'a46a0e4b63e3b73d64389b735927d8ba1d5368134705b6300c998e6da048f867', 'becd1b9543c1c27417b7648e8f80faa4f68d0111cc6a39fce0b7da4718713280', '60d3350c976b7723aa8072c8680c6114384e9b40744da9c09df1af0addfc2b24'),
(819998, UNIX_TIMESTAMP('2023-12-06 10:31:46'), '000000000000000000028e5a770a60aae80b9f7464ed1d66acd1734cb044ecb2', '0000000000000000000123c274713d5e9de225bbf1792ffb965686910badc274', '7cc9363567701cbc9640c63c134425d1d65d32e454ad1d49e92087f6dfdea104', '7df9f7ed5f343acc3198f46a1f0e118b372bf70665e2c896e26f30c6cdc6ac93', '3b4cfb17141429bf9c7bf7010718405e652656582d03bed33581a85611a0bbb7'),
(819999, UNIX_TIMESTAMP('2023-12-06 11:06:07'), '000000000000000000002660d26de87c900f770430d209814b238d15b17a0cfe', '000000000000000000028e5a770a60aae80b9f7464ed1d66acd1734cb044ecb2', '2c39b62c752b2f95e909de66be34532ba8bdc8203b2d023258e34811da9bbd75', '0bc645b2c50a34d612a3261643581cdf42e7de52ddb0de19b6d214b0beee9d7b', '1830b1eec28d4e9fa236c864cdb9aadb1db06fc796737afc34b664433524ad0a'),
(820000, UNIX_TIMESTAMP('2023-12-06 11:07:36'), '00000000000000000000ba232574c32b4f0cd023e133c05125310625626d6571', '000000000000000000002660d26de87c900f770430d209814b238d15b17a0cfe', 'aee64e20dc83d09852c78c3caa9c39a61e77c0fa946843f39838963046f15932', '502fa4bad658fa745014b45aa64f546e4a8885fd7d0adcdfa6575eca54f1ea7a', '047e0edaaa5291e18cbea4f5371ebeabb23e5a38294533f6dda89dfb29c5336b');

-- Blocks for pagination stamps (early stamps)
REPLACE INTO blocks (block_index, block_time, block_hash, previous_block_hash, ledger_hash, txlist_hash, messages_hash) VALUES
(779652, UNIX_TIMESTAMP('2023-03-07 01:19:09'), '00000000000000000002ea8eb5df114c3f198c7ef5851435e8a4d8e7bd33121c', '00000000000000000002124201cb18fe9fcbeb071115ac863f3d194469081376', '', 'f5277855a60219dfff0ea837e6835478cbbc32c3520cb1dc1f13c296594b3a05', '35eb452cd73a2b241171e1f58082e29163674f37d7acc609c185190ccbdc4d5a'),
(779972, UNIX_TIMESTAMP('2023-03-09 05:39:08'), '000000000000000000016c0ae6753040a11489d77df50df1b832494c26dad408', '00000000000000000001aaba055ce6b558659e241d39407b17452c9ea1eefd34', '', '8eb8afea785040d031c79e8c790cbe8fba282a2a4906baa1373f3c730edce164', '359800a20dd374746893dbcc3346db146aa1dc191167d835788478f457ec68d8'),
(779975, UNIX_TIMESTAMP('2023-03-09 05:42:23'), '00000000000000000001c901a03474557b3ee2e4f40e031bac494b71e935ab78', '00000000000000000005bba8a5b029061c5699af888d01dc3302cec924034fd9', '', 'df7ece4eca0377a3c559790f15a4a9391abd82977bf7121a64a27a6ab9e7afe8', '62424f1ba0c6c60215b7a0f7694a0ccae407bf37a54dabf65e76b7502af490b7'),
(780254, UNIX_TIMESTAMP('2023-03-11 06:23:24'), '00000000000000000006472dc77a57da50b727585e8d8319520da15a3da7ff0d', '00000000000000000004438914a6c483c67366f939487c18cf546fb42ec481c7', '', '94960303287061e814b159e10190297fb024d8ca23cef39944e1c1ffccb2d05c', '33127bb452a00daa6b2779ba9e849dd59c966f1c93c264fd1fa5a90735fe08e1');

-- Blocks for market stamps
REPLACE INTO blocks (block_index, block_time, block_hash, previous_block_hash, ledger_hash, txlist_hash, messages_hash) VALUES
(812084, UNIX_TIMESTAMP('2023-10-14 03:22:42'), '000000000000000000015e358c1caac0f34d1c36850c930105322e0d0651de36', '00000000000000000000f39096fa48642d564afbc56933694ebb3fdf9e8d4780', '', '58526a87aeba00676a472a0c617633c4503b70fc480552402bc450ac2b4fb28f', '3c0619f1d550186ddf39ef0d9c499fbb37aa701d702011d34b7992984bfadafd'),
(820607, UNIX_TIMESTAMP('2023-12-10 20:57:17'), '00000000000000000002d16fa640eb719bf386cfbdab2a7b6ce2a9b904caf0ab', '00000000000000000003df771363b23b01c26f8f87f586438d72caf3db06a8ef', '61d040e74638050559f986a5008e08ba246f77b90fa7ae1016f041a01b658af3', '8368f07d20f6cf848a1b84980e4ffb508ca640f42e327ce084349c3c6a03f877', '8c3f292183e6b70ecdd6aa4dc552cba3c37ba859a495876bf9b74e6bec7a07d8'),
(824446, UNIX_TIMESTAMP('2024-01-05 08:12:55'), '0000000000000000000379c7aefeaf9657f68e46474a66f0063277f56cea4003', '00000000000000000000239c7b4d334afc0f1701c7d76a4695fca9fa340d0765', '3ebb448c6aab8e5b0300e7cef8d92a80b5619e668b3a1f9a1cecd51df7112a21', 'c8a0a6dd9cc3c3d3cc30474345bcf57c1c249bd1d85558a4beff341a8d8c7b4b', '3e6ffea2b888dd1354b0bc6927993ae731f1290d7133c63e55b268ecbef61e14'),
(824451, UNIX_TIMESTAMP('2024-01-05 08:54:17'), '00000000000000000002e5f6440ae741bd59d07c9b324600062bd92cdf2acb47', '0000000000000000000371cfe1274d0a5ea8784779f64e34c98065a6dae5280d', '9f763879803c435ec3ed11167dd1986d7d1a710db38ea988385d795dc34f477d', 'c751cb437e003eba367a182f79a9951adeaad899e7c3718f8dc3d31b4b8e1f3f', 'cbbb45c721e88443ed61d301069908c8b15ad3d6be4e050bc0ba69cec077c4d3'),
(824453, UNIX_TIMESTAMP('2024-01-05 09:18:46'), '00000000000000000002a38ebcb9ba113b59371307eb3727848fd17edc4e6632', '000000000000000000011e34d43aa1056c7655b9fdd6516b35294669d530c6be', 'be9e514d13d5cee34665d0c6bb3ffd139507d6d728b22cef225b020913d77428', 'df6afa9f7aa50298c4efe26764d51d2891106d15ef864193084a9af177313818', 'e46a32f3f93120cd70f2627e28e9fb5381f8a4b19b85431f18a9ae87687763a3');

-- Blocks for SRC-101 transactions
REPLACE INTO blocks (block_index, block_time, block_hash, previous_block_hash, ledger_hash, txlist_hash, messages_hash) VALUES
(893664, UNIX_TIMESTAMP('2025-04-23 17:14:48'), '000000000000000000000e14361358a5baf082a2cb673c7f7ae963e4e1bc6835', '00000000000000000001140179aac9a9a18ce01acf65b9851316c6a6f6e363df', 'b15f3c63368fc02599d58c614d14d26bae29e5cda755ee887532262c6639ea63', '15e0dc96a37c8ad37320f1627d3dbed7a5748d2138b7be22db4a89017d89dc10', 'a3a4b692e2def5eab86aea168118ee9a3c1027bb54fcbabb26ec0c38eac5e185'),
(893666, UNIX_TIMESTAMP('2025-04-23 17:39:01'), '000000000000000000000ce8c2a4cfdd0eda65ea478708a78a9542436141ecc6', '000000000000000000014d3593f749dbd304ccf2683771728411a9370dc97db9', 'a5afd05b6d260f1e2059d785f0419419583324b9dcf63e850ed327891440860c', '7e4d4ba9540473e2867f4bd4143b7b718007a897a5712f5c9cc885a7ffa90e52', '5a7e95058f4a9298dc620c839432daf59b0c460284c3a44fa104ebea0e6873b4'),
(893762, UNIX_TIMESTAMP('2025-04-24 12:19:44'), '0000000000000000000118c5b1e3dacbc52cc5d4a2be4cec0903959bb0d80c57', '000000000000000000001259d95b54f4113106cba08cc9ebec13e6a59c390a02', '7c891781445adb998a67d75485fa3d3a9fdbcb048d1b0c79ea7ba4b4b0b39edb', '816d96cd8acef72913419a0505f94928777cf909f6bc1c603251749ef895c0f3', '727dde2e259ce51deefffc92a1a787839556ca0336f1769baf7e0cf9f246a823'),
(893765, UNIX_TIMESTAMP('2025-04-24 12:36:55'), '000000000000000000008a331c0af4019e1cb01cdd9118a65cf9215e17bc6746', '00000000000000000000e5fc15f0e5c9e8fda1cf9372622d37c775368fee595c', 'd8284f6fbee5b4906ebf0106c82919c1ac83e5bd045e956d1637bf02a49abef0', '59b23495078ac56b977edf69d334f84bf4570ef1776845dd41e2ac6f163d167f', '1671b8be004ad4afce7da420ef9c39f7188f0cdf9978a53c77c3cda23c8e78c5');

-- Blocks for cursed stamps
REPLACE INTO blocks (block_index, block_time, block_hash, previous_block_hash, ledger_hash, txlist_hash, messages_hash) VALUES
(912791, UNIX_TIMESTAMP('2025-09-02 02:14:57'), '00000000000000000000c776a3664d175112b8680c10a7aefefdcddf2b153793', '000000000000000000011d12a9983d59d9dd3325e7589e4076792d6fe5c93e66', 'c27600518b8a05392b955ad5c6ba1bbc6aaedd95092fac80c35d46a2969e2243', 'd527b752b4fabc141033b577b2aac93d2e22919cf16b93af7d968dae7bc09ace', 'ea2d47b151af307f46919f32b84ef860c5ebc7671d110ae9de81390d068fe620'),
(926896, UNIX_TIMESTAMP('2025-12-07 22:47:34'), '000000000000000000002e5ecb492051842c88d61e9aa926159f088bced0c8c7', '00000000000000000001be57361e119c1c686614338a9f1b0f21611389ddb725', '86acdc4e3c423bc566e45730c14e0f1b518ed276ccd052209ed3efc3ca24b62a', '0ed6c4e33bd2ae66e199c137f5d2d1f77045c920193015b4e5b394b2f2aa8526', '56ee3e52b8534f42ddf1acb3423533426cc407fa40b695de2108e13174dbf230'),
(928438, UNIX_TIMESTAMP('2025-12-18 17:25:04'), '0000000000000000000155debed3eea6ffad71e7eef1c9811f8bf174b242745c', '00000000000000000001755ba7db8ff85c991d5414912a8b88f2af891b79003c', '910903d2fb9482717aab7344d5602a7da38ebde37d139030bb95f1e89b589bee', 'e9c3c41154dc874c765a8d77847b2ed345a6cfa8006496f47706d8b11f69b378', '3a279f81765d6ff2954f59a620b006f159a0c2cc0daaea7c60747edeb0be9100'),
(933128, UNIX_TIMESTAMP('2026-01-20 20:04:42'), '000000000000000000005f13595a41cfb00954b8caf2b2b3704685ad0015a51f', '0000000000000000000096125ac6caf30a27c8064b27162ff1916e56005cd8ca', '', 'e573c3f53860c2d52d8a2b165c699a4095ae53db470b4a76edb29dfaa1315fdc', 'b42debfbf86c9705c63581fed6da632543b8f510002181bba71e54e2d5b904de'),
(933536, UNIX_TIMESTAMP('2026-01-23 15:27:02'), '00000000000000000000de4af64398a1fd2c277595efa9c15d1c5a7a80988042', '000000000000000000002084d7698fcad178f05a906afd28ead674e0e8f1fa46', '7d94e8b1202c1a9f467b212ad64eaf64edfe4138544f3bf0f4c3b01d68d1612d', '98c8603ef8c1c2ccb42770abd22759c55581a349d341baa3c46ea7ed19a82abd', 'f7205f705bd50235a0df1f39cded06f71142d16fb6e6fb1654c4f1802bf6225c'),
(933540, UNIX_TIMESTAMP('2026-01-23 16:27:08'), '0000000000000000000014523d1f54e9723a14e557ff904272087bf9ae443498', '0000000000000000000078598e0a66d87c6fb4f540da27ed02be064ad2a14a9e', '', 'd5e5815686a769fe648ce9abdd1c9cb0a26c65f125e281bbb1ee2a7463eda65c', '5a83cddcb833d595d93ffa06e8fe5cf11eb068c7401c73460846d8f984dd0c56'),
(933837, UNIX_TIMESTAMP('2026-01-26 11:23:22'), '00000000000000000000e7f30ecfc05819f4098ea472701f45bb1a391bc5ecc4', '00000000000000000001e1e2608fefefbe34129810ab373434564c5e5ad05269', '9df3536da4ba3d2eaf334e81553215fd5ad815210864bcdb9fcc5742760e1606', '01186bd48daceb55c088b531b7cc14f3131f306010fc9ed0cc6c87cb337c33a7', 'd9aba9335143e53a9157dc538f891ade5c0471bb4427764e24793186bd4e71c8'),
(935624, UNIX_TIMESTAMP('2026-02-08 18:46:13'), '0000000000000000000190828d9ad9ccdbab93b543b29297f2f5075898ef7ec6', '0000000000000000000087b796f324c441dd81a9fb8c1e5bd14e103afdbfd8b5', '', '5e41cdf650616250ebc6b0a81e96469350675020deb0c62aa4c76c56c43c5cad', 'e741d9af7f61cec4e7f61907bc7e050069e21be17939d4201b80e1024d43cc77');

-- Blocks for SRC-20 transactions
REPLACE INTO blocks (block_index, block_time, block_hash, previous_block_hash, ledger_hash, txlist_hash, messages_hash) VALUES
(929567, UNIX_TIMESTAMP('2025-12-26 13:54:40'), '000000000000000000017c1f1d2b41fcdc27852554c28a7e6f2eb84f8eeadbe8', '000000000000000000004eac2588f47df98c96e00210c80b2d1b2516b84eb45b', '51b8c20364e2b70b1bb1ed7752b39a8962052f8648a3103526a8f36413b99b5c', '7e03254b17d870d24f6efef92e7cbd1d0e8ba6cc859cfbf4adb44b4e8ea7e3c7', '3d32150d6a7d1fbeda91eaa46a25c021e1fb923dbde37f805b0e32feb3caa87e'),
(929573, UNIX_TIMESTAMP('2025-12-26 14:32:00'), '00000000000000000000a2bc64a5d2e7297b48c95c18ef46f305925ee098e7e4', '00000000000000000001d2909252d14311b9e0b7fa4d743f0892c9348aee57c5', 'f8574a28153549107e2f6a8626789c1eabfc5e6fa500c6656bf6fb5f4f80a57e', '293a6ae652736245cbb62bfd55ad967504b59ea7f379e3e873427d3478381ce4', 'a8ef3a24d623ae64c489404f70b96653adc5d911e1e8e058748c5576b89c147f'),
(929864, UNIX_TIMESTAMP('2025-12-28 13:10:17'), '000000000000000000010ac129a2c6f80006be24aa3332d7da8153795c24694c', '00000000000000000000a8ee9680f1623068f43bef5460bb4fe3cffc40f4246a', '9ccf2a3e10df63ca4a2fe10328c4411dced301237123caab85ed7dc7590bfc3a', '01c39d4528e12c9efa403e51ca68c0fbec15b0f06ce8bc6ac45058e01aec771d', '0eb74b6210a9e68d7c33bd1b517a2aaed636ff5d9d9593a869ad7f7fcf5266b6'),
(929921, UNIX_TIMESTAMP('2025-12-28 21:44:22'), '000000000000000000002b0eb86c6e82aceab394c93fbccc57ff3f088af1a7c8', '00000000000000000000530bef5c2b754c5286339bce0d608d5d9ec8b3aa4176', '00ae7f2d3ab5c321850e74b23bc970f366f9e3175f6a8d299ad30c023cd3715b', 'fc7b7e4ecfc4558578192d4e88c79d481b6403a37bad70a6427357b1de77d476', 'ff3bd5428100ab69917b99de1cd82b4825ade3caff16d73ebd369e9f1b85c8bf'),
(929923, UNIX_TIMESTAMP('2025-12-28 21:53:13'), '00000000000000000000f5f263623fb004191f1e81bea07fce997b5a932c3fd2', '0000000000000000000088716733bee6efb7adab59f91f3e533578f028e84a59', '1e66f12decef6b48773e9d9e0bdd9299e6ac07b0e4ae6edcd34c173ddfd1df2c', '5de1abae5304fdc20c7a078ac3daf837e73c424d3dba41927bd981f6a6cec6da', '496e29e4d040abd5833fc8b6a6d974da7546277bdd58804be58b8682f972223b'),
(930139, UNIX_TIMESTAMP('2025-12-30 11:54:15'), '000000000000000000006776ae02cec4895a905b8f0bb34d8ff5d3a1311740da', '00000000000000000001686435f92906c89422e5b98a487a972370e06a0837aa', '1f1de8f4408843cddca14d3c05cbc2262b4ba195e71275e43f1da07af80fb977', 'a8cdbd91f041a6af48397d2f3b8851ecd7699ce02154a7d8e838d8eadc928b64', 'bdc6e7c7cdf176561cdb848e35ef9f86d7b11c8da231a00360892b3b6609f503'),
(930143, UNIX_TIMESTAMP('2025-12-30 12:35:36'), '00000000000000000000208262908c4b57b41be4052108fd0adce232465ec16e', '00000000000000000000c20865ac38e06dcf05f16c47142d62e2a7624eee8938', 'b43ed28a771f296864f27ba084db5c2899c9847a82625fc5284340e39bed967c', '1c565ec64886666640fc2b7fc55842307a14e56ebf1c71ffbcce469eaf0ea1d8', '97eab2c4ad874ed8744750eadb01222c01d858445632f7ef63263595ab012f73'),
(930145, UNIX_TIMESTAMP('2025-12-30 13:03:24'), '00000000000000000000505f624a7d385f0cb39f21997a84db8195018289204f', '00000000000000000001e3a87f742815d4ad4142948bad7263872f298d5fb3c5', 'e28bee2cc1214da0f19d77ccf619b17172e6b77335a3c7918314a9cdb3e41f0f', '15f93b718b7eb817d8ba7d2393f724aac20e2d87f43109a5c2e43dfc3425aa1b', '5772fb0eb47bf89536ef1967ab88d24b5e73f5e6fb3455750e9198f3e0b529e3'),
(934064, UNIX_TIMESTAMP('2026-01-28 07:52:12'), '00000000000000000001211bfdbc8c7524e9c1af41387971ada59dc1af52e960', '000000000000000000008d066d9de96f4133b9abfb3bcac90a6c173dc92ecf72', '74c12d369b4119a729a76898ad7cc9f09f8afcd61cd8aa2189f07572431fe97e', 'fe6f77d3d1129eaafa015743f824cd13df54094aade669f42498db347ef4a989', '99a550bf08451018067914ec4ce4eb9d245da9c6030e2195dd2129b2ba076a78'),
(936455, UNIX_TIMESTAMP('2026-02-14 00:28:10'), '000000000000000000009c12a8ac2027b127b1f1a251f4f16dd71d1a79f74051', '00000000000000000001ba7f353ac66689781af8b074dddb4c45aa42d43a7181', '23926e1801347f4c4a36670d43f1b49a7fae4110c5c483a88645281a02dd13fa', '90f7b00339c4408fb00a0fbe3715bf572ca71f081d9eadf161f53fa5c202c63a', '3bb4b0ed7bae9eb1fcee61f201bba6a3cc0319216e07bbcc1725f2de4ff4ee26');

-- ============================================================
-- STAMP DATA (25 stamps from production)
-- ============================================================

-- Regular stamps (5 recent positive stamps)
REPLACE INTO stamps (stamp, block_index, cpid, creator, divisible, keyburn, locked, stamp_url, stamp_mimetype, supply, block_time, tx_hash, tx_index, ident, stamp_hash, file_hash) VALUES
(1384305, 933837, 'A888354448084788958', 'bc1qkqqre5xuqk60xtt93j297zgg7t6x0ul7gwjmv4', 0, NULL, 1, 'https://stampchain.io/stamps/e94be2793462692ca8fea3a54dd90ff4b18735196a2bc426382c11959533c8ca.png', 'image/png', 1, UNIX_TIMESTAMP('2026-01-26 11:23:22'), 'e94be2793462692ca8fea3a54dd90ff4b18735196a2bc426382c11959533c8ca', 1402626, 'STAMP', 'qwBYVca0xjvGuIzbv7hF', '31196b4818052ab599d1115bcbf4cba2'),
(1384304, 933837, 'A808878051088522858', 'bc1qkqqre5xuqk60xtt93j297zgg7t6x0ul7gwjmv4', 0, NULL, 1, 'https://stampchain.io/stamps/5a6f0c747e5b9b22d6faec98ef1b0934e94a4e2e9384f21456280861a9b931fa.png', 'image/png', 1, UNIX_TIMESTAMP('2026-01-26 11:23:22'), '5a6f0c747e5b9b22d6faec98ef1b0934e94a4e2e9384f21456280861a9b931fa', 1402625, 'STAMP', 'SI02wMvp8N9VooL7duHJ', '8c912ed9c4ffe1b3f6e8f25838957eda'),
(1384303, 933837, 'A848384122988885728', 'bc1qkqqre5xuqk60xtt93j297zgg7t6x0ul7gwjmv4', 0, NULL, 1, 'https://stampchain.io/stamps/d79da3538713568504c73726708a6ddfca5681bc111845dbae17265f455448ed.png', 'image/png', 1, UNIX_TIMESTAMP('2026-01-26 11:23:22'), 'd79da3538713568504c73726708a6ddfca5681bc111845dbae17265f455448ed', 1402624, 'STAMP', 'XgPyLKkvAECncvORG61z', '4d6a659b0d3b7ac8f8d903091d7d54d6'),
(1383563, 933540, 'A197900000000002026', 'bc1q7mlw0y0qe9dadg24q2225ded0myuxkw2wm8pzj', 0, NULL, 1, 'https://stampchain.io/stamps/516e62beeffb26fb37f8e95e809274e5bbde76eb75a28357f6bbcd4eedbfe8ca.png', 'image/png', 42, UNIX_TIMESTAMP('2026-01-23 16:27:08'), '516e62beeffb26fb37f8e95e809274e5bbde76eb75a28357f6bbcd4eedbfe8ca', 1401884, 'STAMP', 'grV47u9rSpkIjrVCUEWW', 'bb4ad34d297578aeb88f80f8104dda88'),
(1383554, 933536, 'A974830637701131585', 'bc1qefhvcqwuz6g6qy6nck5dq2el2r37pky73tqxkc', 0, NULL, 1, 'https://stampchain.io/stamps/9dbdb2ef0f84f8852f1abc3e0f39f6e223ee64ae1452ecceaea9eaf0a9ae9669.gif', 'image/gif', 1, UNIX_TIMESTAMP('2026-01-23 15:27:02'), '9dbdb2ef0f84f8852f1abc3e0f39f6e223ee64ae1452ecceaea9eaf0a9ae9669', 1401875, 'STAMP', 'DIxV2LR2L3cj1jm2jn5Z', '96617bbc097bfcda790dcb8cc8572c1e');

-- Cursed stamps (5 negative stamp numbers)
REPLACE INTO stamps (stamp, block_index, cpid, creator, divisible, keyburn, locked, stamp_url, stamp_mimetype, supply, block_time, tx_hash, tx_index, ident, stamp_hash, file_hash) VALUES
(-1832, 935624, 'FAKEQUEST', 'bc1qwu6dtn6rjfecd0x4su3lcwsncs972zk0jr2ag8', 0, NULL, 1, 'https://stampchain.io/stamps/90943ba49041f4ec632d393d5129b461241ff80bb0774651de77f126ff9a1214.html', 'text/html', 81, UNIX_TIMESTAMP('2026-02-08 18:46:13'), '90943ba49041f4ec632d393d5129b461241ff80bb0774651de77f126ff9a1214', 1408367, 'STAMP', 'AwBdmp5XWrH2436bHS1a', 'e5da314aab6543e0c046c5e638adbffd'),
(-1831, 933128, 'SLOBONMYKNOB', 'bc1qwu6dtn6rjfecd0x4su3lcwsncs972zk0jr2ag8', 0, NULL, 1, 'https://stampchain.io/stamps/291eed2155c84636f833da44ff9b8d225824125bffcdb735d3ef09deadbce869.html', 'text/html', 69, UNIX_TIMESTAMP('2026-01-20 20:04:42'), '291eed2155c84636f833da44ff9b8d225824125bffcdb735d3ef09deadbce869', 1401062, 'STAMP', 'bvejcmEyJf38EpYjFtyB', '718df8936e887299941e7900c44bbbe6'),
(-1830, 928438, 'PROOFOFLOVE', 'bc1qr9nkqgzc6vzxjslqgxck3z480yq85aa98wu3fa', 0, NULL, 1, 'https://stampchain.io/stamps/0925670b646daafc59d503ae6b1799fe7b46d9ee076ca5b0b4d0d65110ed538d.svg', 'image/svg+xml', 42, UNIX_TIMESTAMP('2025-12-18 17:25:04'), '0925670b646daafc59d503ae6b1799fe7b46d9ee076ca5b0b4d0d65110ed538d', 1381133, 'STAMP', 'RCCxpcvhzbpd0MS37KOt', '49d84d6cbc6866e851e66ad5e2d64663'),
(-1829, 926896, 'KEVINA', 'bc1qr9nkqgzc6vzxjslqgxck3z480yq85aa98wu3fa', 0, NULL, 1, 'https://stampchain.io/stamps/32257e9db4f9d979f8a5d0a703a630c7056ce5a5cae8cba9f69ea168c0562e39.png', 'image/png', 104, UNIX_TIMESTAMP('2025-12-07 22:47:34'), '32257e9db4f9d979f8a5d0a703a630c7056ce5a5cae8cba9f69ea168c0562e39', 1364878, 'STAMP', 'MqoWJF1q19siltQ47jyK', '893510e7959ae6ff800c7085a4ca271a'),
(-1828, 912791, 'PROGRAMBTC', 'bc1qx8tn5zaey308ejwatd56skn3pce4htrd48wpj8', 0, NULL, 1, 'https://stampchain.io/stamps/14484ae4fd3b9a4d080d570888ec40cc64ecf514092354b3cdf4139007740412.png', 'image/png', 1, UNIX_TIMESTAMP('2025-09-02 02:14:57'), '14484ae4fd3b9a4d080d570888ec40cc64ecf514092354b3cdf4139007740412', 1245189, 'STAMP', '7co0CB5TwCv0Ep3FvzhO', '8c3abceeeb1e8b9ebc87a1bb94f4d4cf');

-- SRC-20 stamps
REPLACE INTO stamps (stamp, block_index, cpid, creator, divisible, keyburn, locked, stamp_url, stamp_mimetype, supply, block_time, tx_hash, tx_index, ident, stamp_hash, file_hash) VALUES
(1392376, 936455, 'KWJ3coVgALSfdFHg4Va0', 'bc1q7qx7sd0tdgjnmvvklyqkuwen8m3h59ndszvelf', NULL, 1, NULL, 'https://stampchain.io/stamps/b7ebe6cee007ff2cacb0302e3e9f5e7978304afbd787c7757840c5fd3f7f9fff.svg', 'image/svg+xml', NULL, UNIX_TIMESTAMP('2026-02-14 00:28:10'), 'b7ebe6cee007ff2cacb0302e3e9f5e7978304afbd787c7757840c5fd3f7f9fff', 1410698, 'SRC-20', 'KWJ3coVgALSfdFHg4Va0', '8b4f77ece6cb9b851c2640c30188e0bb'),
(1392375, 936455, 'dFg4yL2JBVE7cuxbdhST', 'bc1quezm2w2ndvzwetzc3ef2cnuxcsvc8ayulwh3ly', NULL, 1, NULL, 'https://stampchain.io/stamps/71f5f2625891a8d238f5817c10fcb778188489db326fb51cc879a8db39ef36ff.svg', 'image/svg+xml', NULL, UNIX_TIMESTAMP('2026-02-14 00:28:10'), '71f5f2625891a8d238f5817c10fcb778188489db326fb51cc879a8db39ef36ff', 1410697, 'SRC-20', 'dFg4yL2JBVE7cuxbdhST', '8b4f77ece6cb9b851c2640c30188e0bb'),
(1392374, 936455, '6jEpLy9AlQC6ltOpmmif', 'bc1qakday8m0azt5vae6gkd43z8jplnc8dkkhdh9zj', NULL, 1, NULL, 'https://stampchain.io/stamps/3aeeded12e62729cb882028c98ac89c572a0eab3fc028018cd3074581997cafc.svg', 'image/svg+xml', NULL, UNIX_TIMESTAMP('2026-02-14 00:28:10'), '3aeeded12e62729cb882028c98ac89c572a0eab3fc028018cd3074581997cafc', 1410696, 'SRC-20', '6jEpLy9AlQC6ltOpmmif', '8b4f77ece6cb9b851c2640c30188e0bb'),
(1392373, 936455, 'gmROAA4RCnbEUH7al5Qo', 'bc1qlg80j03f32yrdlh8n0k4s2mhvjhxh05fq0k2nm', NULL, 1, NULL, 'https://stampchain.io/stamps/e8172161e522c84bbc049f69020c6228532b048686c0c051175e1d7f96768bf6.svg', 'image/svg+xml', NULL, UNIX_TIMESTAMP('2026-02-14 00:28:10'), 'e8172161e522c84bbc049f69020c6228532b048686c0c051175e1d7f96768bf6', 1410695, 'SRC-20', 'gmROAA4RCnbEUH7al5Qo', '8b4f77ece6cb9b851c2640c30188e0bb'),
(1392372, 936455, 'ni6MAs79la5crKgJ5MXG', 'bc1qw4f9sf33dp2327uykfl6cwk86spe8zm7mz7vnc', NULL, 1, NULL, 'https://stampchain.io/stamps/ca34ea47cbad99e53205e777fc945b9daf79e2097886920779262ba902a56cf5.svg', 'image/svg+xml', NULL, UNIX_TIMESTAMP('2026-02-14 00:28:10'), 'ca34ea47cbad99e53205e777fc945b9daf79e2097886920779262ba902a56cf5', 1410694, 'SRC-20', 'ni6MAs79la5crKgJ5MXG', '8b4f77ece6cb9b851c2640c30188e0bb');

-- Stamps with market data
REPLACE INTO stamps (stamp, block_index, cpid, creator, divisible, keyburn, locked, stamp_url, stamp_mimetype, supply, block_time, tx_hash, tx_index, ident, stamp_hash, file_hash) VALUES
(75009, 812084, 'A8201185075257956014', 'bc1qgq70gpqltt86mckrgh7xaxkan4zmfv7lwus07c', 0, 1, 1, 'https://stampchain.io/stamps/aee676dfcfd1636a064f3b4e0481df975a833534738c872c14b59662120a767d.gif', 'image/gif', 313, UNIX_TIMESTAMP('2023-10-14 03:22:42'), 'aee676dfcfd1636a064f3b4e0481df975a833534738c872c14b59662120a767d', 92235, 'STAMP', 'Emz7V73m36lTiNtC9KKC', 'a57348c2aaa06286692c56fe7ef7626b'),
(217484, 824453, 'A2691100080711000801', 'bc1qk8uga283wdzjmpkxz7krxwf47rl7wpgxadxjw7', 0, 1, 1, 'https://stampchain.io/stamps/fdcedb80c42f104e9af915bcb988c561f845a85efc80d8909e097eee0fc2130e.svg', 'image/svg+xml', 1, UNIX_TIMESTAMP('2024-01-05 09:18:46'), 'fdcedb80c42f104e9af915bcb988c561f845a85efc80d8909e097eee0fc2130e', 234963, 'SRC-721', 'nCgpAHggsch6WAoA3U3E', '5d59ba6fcf5416e86d4f2295a9777fba'),
(216727, 824451, 'A2691100010707160602', 'bc1qk8uga283wdzjmpkxz7krxwf47rl7wpgxadxjw7', 0, 1, 1, 'https://stampchain.io/stamps/4f09ab0f821c7dabb347fb46c8f65eb3e488a2e3877be09d4390853b303f8d4e.svg', 'image/svg+xml', 1, UNIX_TIMESTAMP('2024-01-05 08:54:17'), '4f09ab0f821c7dabb347fb46c8f65eb3e488a2e3877be09d4390853b303f8d4e', 234206, 'SRC-721', '43w9Kcj98ptdibc2sIJd', '49e1ad6201f5ca5e46719cd86a076ecf'),
(215136, 824446, 'A2691100080604050102', 'bc1qk8uga283wdzjmpkxz7krxwf47rl7wpgxadxjw7', 0, 1, 1, 'https://stampchain.io/stamps/7ed5aea39b84054e9e1bd1ef94b9f1559353f9233d96f21cfb2de51130c27b82.svg', 'image/svg+xml', 1, UNIX_TIMESTAMP('2024-01-05 08:12:55'), '7ed5aea39b84054e9e1bd1ef94b9f1559353f9233d96f21cfb2de51130c27b82', 232615, 'SRC-721', 'kEFSTc0uEOcsyb0vZaJM', '1533770e9061004ecbff54eaf36af0e9'),
(111028, 820607, 'A2691100010501000201', '1EL4uYUV2aoy8JyT5w5reeKbXLWaET8F32', 0, 1, 1, 'https://stampchain.io/stamps/eedde137807fcfa530da258588df69fe13dcb6e2ce9c3cd1203cefc47a484dbb.svg', 'image/svg+xml', 1, UNIX_TIMESTAMP('2023-12-10 20:57:17'), 'eedde137807fcfa530da258588df69fe13dcb6e2ce9c3cd1203cefc47a484dbb', 128407, 'SRC-721', 'uP6iOZG5qSJbpUmdEFI1', 'e5363a95f349c87ac82eb2a34fbe0ef1');

-- Additional stamps for pagination testing (earliest stamps 1-5)
REPLACE INTO stamps (stamp, block_index, cpid, creator, divisible, keyburn, locked, stamp_url, stamp_mimetype, supply, block_time, tx_hash, tx_index, ident, stamp_hash, file_hash) VALUES
(1, 779652, 'A6360128538192758000', '1GotRejB6XsGgMsM79TvcypeanDJRJbMtg', 0, NULL, 1, 'https://stampchain.io/stamps/eb3da8146e626b5783f4359fb1510729f4aad923dfac45b6f1f3a2063907147c.png', 'image/png', 1, UNIX_TIMESTAMP('2023-03-07 01:19:09'), 'eb3da8146e626b5783f4359fb1510729f4aad923dfac45b6f1f3a2063907147c', 1, 'STAMP', 'GNGxz7X4LYQoG61sLdvE', 'b60ab2708daec7685f3d412a5e05191a'),
(2, 779972, 'A3121984346241143000', '16ty9iygA4N1uw8Tu7ssGV5SeHscAAXjXP', 0, NULL, 0, 'https://stampchain.io/stamps/1b15bd78a0f957ebcf38e6de7b56e173b4746c294cdfdca0e64b60b3e548bf92.png', 'image/png', 1, UNIX_TIMESTAMP('2023-03-09 05:39:08'), '1b15bd78a0f957ebcf38e6de7b56e173b4746c294cdfdca0e64b60b3e548bf92', 2, 'STAMP', 'kOoVDGAm02SA1TGErJHQ', 'be1dbdd1efd91413e11b605c3e387e25'),
(3, 779975, 'A3331514441475851300', '16ty9iygA4N1uw8Tu7ssGV5SeHscAAXjXP', 0, NULL, 1, 'https://stampchain.io/stamps/47054da12382223bfa928e9c3e0c8c99b42fe3e88985fb6043d8d84f17b893c9.png', 'image/png', 1, UNIX_TIMESTAMP('2023-03-09 05:42:23'), '47054da12382223bfa928e9c3e0c8c99b42fe3e88985fb6043d8d84f17b893c9', 3, 'STAMP', 'aDOjknsw3kDTE1ggc0Dy', '03bb65f2a47a09b8eeef1f09400f4d85'),
(4, 779975, 'A999999999999999991', '1EQ8aXFwNDTyMNDD3k5XF9NjV3TJpeQMLp', 0, NULL, 1, 'https://stampchain.io/stamps/02e522afc3244a5029747fa37e6b451bce735565cbbb37a50a97ec9d87f7c96e.png', 'image/png', 1, UNIX_TIMESTAMP('2023-03-09 05:42:23'), '02e522afc3244a5029747fa37e6b451bce735565cbbb37a50a97ec9d87f7c96e', 4, 'STAMP', 'kzXQTREfOsJz1zOTBNnD', 'e1ef935a36506843226ffb370c0107a0'),
(5, 780254, 'A16660558883256424000', '16ty9iygA4N1uw8Tu7ssGV5SeHscAAXjXP', 0, NULL, 1, 'https://stampchain.io/stamps/ddca4f5b61445fa52af02b3bb7dab259add31f40deb550da4e53c82bc21f19d6.png', 'image/png', 1, UNIX_TIMESTAMP('2023-03-11 06:23:24'), 'ddca4f5b61445fa52af02b3bb7dab259add31f40deb550da4e53c82bc21f19d6', 5, 'STAMP', 'glJGkTBCD94w3r80LPmz', '1040879b6a4894b1a597b6f29162d98b');

-- ============================================================
-- CREATOR DATA (from production)
-- ============================================================

REPLACE INTO creator (address, creator) VALUES
('112CLokAZxVTqQsMk4A8L2TxfiWBEh8ejf', 'Remster'),
('112RhmdYhEBu4ULELPJjbdMmwdzC6mBuen', 'Ffmad'),
('1148pace7EQeEP79ZZnT5Xzopuko2z78vy', 'pace'),
('123XqLhXsS45uVVR6PrBVFzQJgXCQp4JzM', 'purplehat.eth'),
('124MynhosCqGVLYY7AameJoKw1u2cBVHAe', '80sKurt Russell x Early Bird');

-- ============================================================
-- SRC-20 DATA (20 valid transactions from production)
-- ============================================================

-- SRC-20 DEPLOY transactions (5)
REPLACE INTO src20 (tx_hash, block_index, p, op, tick, creator, amt, deci, lim, max, destination, block_time, tx_index) VALUES
('5bfbd878fa6858ef9ba26b9d7954c7d6afdf3a4abc006dae057fb8caf0cc4a71', 930145, 'SRC-20', 'DEPLOY', 'xmap', 'bc1q9ljv3e4gtyt8sdn6j0u5w844747y8zl4dr7mk7', NULL, '18', '1000000000', '1000000000', 'bc1qxewtetwunc9fn4wwjqcgw5twf4nz22kv36my0s', UNIX_TIMESTAMP('2025-12-30 13:03:24'), 1389798),
('d3fca772af90fe7fa82f5e45651eb3572056384b3c658d6f16600c16b759728f', 930139, 'SRC-20', 'DEPLOY', 'forex', 'bc1qq3crm7r0hsg0p6dg49tq7y5egulrpfk2r0fmxr', NULL, '18', '21000000', '21000000', 'bc1qq3crm7r0hsg0p6dg49tq7y5egulrpfk2r0fmxr', UNIX_TIMESTAMP('2025-12-30 11:54:15'), 1389754),
('431a656dbb3312e5f499fa346794adc1a8c4d3252101e87c5be6a65477eb3def', 929923, 'SRC-20', 'DEPLOY', 'dnx', 'bc1qtdzn8we2f0u6yqw6sr6jd6lujwr8yqr33ny4f7', NULL, '18', '1000000000', '1000000000', 'bc1qj3jy729zt7ftafgguwplyfjjczruglyxghzrve', UNIX_TIMESTAMP('2025-12-28 21:53:13'), 1388622),
('546333dd92630325f35b2c1bc9fc282f2cf8bc99b221e55426ca57d446bfcaab', 929921, 'SRC-20', 'DEPLOY', 'xweb3', 'bc1qctuczm0yk5aeyf33pnje5e38qptnhfkdgwaqyy', NULL, '18', '1000000000', '1000000000', 'bc1qhrxl6aeqtymxvguy2e03grqfvfdqct393c79yd', UNIX_TIMESTAMP('2025-12-28 21:44:22'), 1388620),
('8318c41c7664a2f525a74467accdd25c27ae90c74419c32253ec9054d05fea82', 929864, 'SRC-20', 'DEPLOY', 'xbyte', 'bc1qyy4csmn5dzjlpx04303xnmcxz5u90p2599v6df', NULL, '18', '1000000000', '1000000000', 'bc1qef02sap3xmtx7w0xu4qzuc5alxqzk2luxm8aaf', UNIX_TIMESTAMP('2025-12-28 13:10:17'), 1388531);

-- SRC-20 MINT transactions (10)
REPLACE INTO src20 (tx_hash, block_index, p, op, tick, creator, amt, deci, lim, max, destination, block_time, tx_index) VALUES
('1a4c895a5a2d206cc9a8c2fdd38d9451a94370a525e46f57b86fecc60d4cf447', 934064, 'SRC-20', 'MINT', 'gods', 'bc1qce5nwhr05hqmzdz4jwdc7lhgs380fxng4jytdq', '100000.000000000000000000', '18', NULL, NULL, 'bc1qeqlxgwnvladf5uxw55h2h3t06vmusqgxtet54h', UNIX_TIMESTAMP('2026-01-28 07:52:12'), 1403241),
('fde35f3e91c6757165995aac96f0b19b8739dc90bbf10757a3eb64790ad5abb2', 930145, 'SRC-20', 'MINT', 'xmap', 'bc1q9ljv3e4gtyt8sdn6j0u5w844747y8zl4dr7mk7', '1000000000.000000000000000000', '18', NULL, NULL, 'bc1qxewtetwunc9fn4wwjqcgw5twf4nz22kv36my0s', UNIX_TIMESTAMP('2025-12-30 13:03:24'), 1389799),
('a1dec37e9dda4f86a16b4a9cd3092f35340bcef2b48b54e7aba395692b029671', 930143, 'SRC-20', 'MINT', 'forex', 'bc1q2d67vaeshs2j0564pnwmgtsgu902948m6ku84j', '21000000.000000000000000000', '18', NULL, NULL, 'bc1qq3crm7r0hsg0p6dg49tq7y5egulrpfk2r0fmxr', UNIX_TIMESTAMP('2025-12-30 12:35:36'), 1389767),
('2f36160384a569ff961972f652bb14bb1ca3c8ebc6b3f00dea0df6a2d87d35ed', 929923, 'SRC-20', 'MINT', 'dnx', 'bc1qtdzn8we2f0u6yqw6sr6jd6lujwr8yqr33ny4f7', '1000000000.000000000000000000', '18', NULL, NULL, 'bc1qj3jy729zt7ftafgguwplyfjjczruglyxghzrve', UNIX_TIMESTAMP('2025-12-28 21:53:13'), 1388623),
('2faee632c4634f3096bde6fdf015b211289c9637f3c48486f2ccc1ae26791b87', 929921, 'SRC-20', 'MINT', 'xweb3', 'bc1qctuczm0yk5aeyf33pnje5e38qptnhfkdgwaqyy', '1000000000.000000000000000000', '18', NULL, NULL, 'bc1qhrxl6aeqtymxvguy2e03grqfvfdqct393c79yd', UNIX_TIMESTAMP('2025-12-28 21:44:22'), 1388621),
('5259b0e50d394f8722badfd75d317e10fcbf632fc6b73a455f954cf26d3ea8bc', 929864, 'SRC-20', 'MINT', 'xbyte', 'bc1qyy4csmn5dzjlpx04303xnmcxz5u90p2599v6df', '1000000000.000000000000000000', '18', NULL, NULL, 'bc1qef02sap3xmtx7w0xu4qzuc5alxqzk2luxm8aaf', UNIX_TIMESTAMP('2025-12-28 13:10:17'), 1388532),
('14b913f983ded4d6b7ed1a0ee6f2e9ead1f30f723fc1b868159c5a4a11a79c6d', 929864, 'SRC-20', 'MINT', 'xrwa', 'bc1q7j7rx9vc7cchlhwe5khxesh3c7227ydy7t5lfp', '1000000000.000000000000000000', '18', NULL, NULL, 'bc1qpx2rdygtpdf5552pe4gmrdy99mrq02dhh3uker', UNIX_TIMESTAMP('2025-12-28 13:10:17'), 1388530),
('f1854995d3bebef4313f53fe1c73a59bb44375e1dd6bbb92ac51d5dfbe456e5e', 929573, 'SRC-20', 'MINT', 'keavy', 'bc1q06mde2lqslp9r4p587agthme4jke8tmtt0e33d', '690000.000000000000000000', '18', NULL, NULL, 'bc1qzxszplp8v7w0jc89dlrqyct9staqlhwxzy7lkq', UNIX_TIMESTAMP('2025-12-26 14:32:00'), 1387669),
('2d91cf8cb191099dc944a596d5298e42ed60a6e033590905a33384bdba068d5f', 929573, 'SRC-20', 'MINT', 'keavy', 'bc1q06mde2lqslp9r4p587agthme4jke8tmtt0e33d', '690000.000000000000000000', '18', NULL, NULL, 'bc1qzxszplp8v7w0jc89dlrqyct9staqlhwxzy7lkq', UNIX_TIMESTAMP('2025-12-26 14:32:00'), 1387670),
('18a8ea933df3df84de6144d8c9da38a1245656a02a95db711075ff0f7f39ea6f', 929567, 'SRC-20', 'MINT', 'xdex', 'bc1q3ngqj3pvhmp9h779rrav9wxmwd7a4pht9v7u3z', '1000000000.000000000000000000', '18', NULL, NULL, 'bc1qm6nklgumavsul05k4a8tx0fpr98mtqg28fhfjw', UNIX_TIMESTAMP('2025-12-26 13:54:40'), 1387657);

-- SRC-20 TRANSFER transactions (5)
REPLACE INTO src20 (tx_hash, block_index, p, op, tick, creator, amt, deci, lim, max, destination, block_time, tx_index) VALUES
('e8172161e522c84bbc049f69020c6228532b048686c0c051175e1d7f96768bf6', 936455, 'SRC-20', 'TRANSFER', 'mskk', 'bc1qlg80j03f32yrdlh8n0k4s2mhvjhxh05fq0k2nm', '1400000.000000000000000000', '18', NULL, NULL, 'bc1q0yfmh654x0t5upjth48p72kc8ptn2a0j5hrq94', UNIX_TIMESTAMP('2026-02-14 00:28:10'), 1410695),
('cdab59a12b6c1bc0df0a41978935f225574412a01019d3bada5bca3b93d26c92', 936455, 'SRC-20', 'TRANSFER', 'mskk', 'bc1qnqwdxljxv445ynrpw6tln7qzyfzzttsh3l0r7s', '1400000.000000000000000000', '18', NULL, NULL, 'bc1qk2qy8t0az45cmhlnmas34dxtflqyfsanstmnlk', UNIX_TIMESTAMP('2026-02-14 00:28:10'), 1410689),
('ca34ea47cbad99e53205e777fc945b9daf79e2097886920779262ba902a56cf5', 936455, 'SRC-20', 'TRANSFER', 'mskk', 'bc1qw4f9sf33dp2327uykfl6cwk86spe8zm7mz7vnc', '1400000.000000000000000000', '18', NULL, NULL, 'bc1qsmu85f2n3nfjlldufd66qsjjntmtffcqaynxk9', UNIX_TIMESTAMP('2026-02-14 00:28:10'), 1410694),
('c6d2c13306d6d8d8e4670b454b94bb8d7bed4559217e86b96986103955e479f1', 936455, 'SRC-20', 'TRANSFER', 'mskk', 'bc1qf59ntnrvmv7kkpx8p056g0qe0ptvsxap80pt8k', '1400000.000000000000000000', '18', NULL, NULL, 'bc1qwhlfydcpus9d07zg0fx37g32s7dcf4c6lrjw0v', UNIX_TIMESTAMP('2026-02-14 00:28:10'), 1410693),
('c2cdf76386bb3528cdb53692e3bc5493c663bba0d16281a5667e988398dc31c3', 936455, 'SRC-20', 'TRANSFER', 'mskk', 'bc1qcn3kfxtdn37w7cnqw9n6gwfpxwvmphwd74tfr5', '1400000.000000000000000000', '18', NULL, NULL, 'bc1qgrctvnhsylk5wl7aju85u9n896ve72ye2jkt70', UNIX_TIMESTAMP('2026-02-14 00:28:10'), 1410692);

-- Token stats (10 records from production)
REPLACE INTO src20_token_stats (tick, total_minted, holders_count, last_updated) VALUES
('mske', '21000000000.000000000000000000', 52933, '2025-09-18 17:43:22'),
('bmwk', '10000000000.000000000000000000', 30191, '2025-09-18 17:43:22'),
('luffy', '10000000000.000000000000000000', 22561, '2025-09-18 17:43:22'),
('buynz', '10000000000.000000000000000000', 20277, '2025-09-18 17:43:22'),
('stamp', '1000000000.000000000000000000', 14309, '2025-09-18 17:43:22'),
('roro', '10000000000.000000000000000000', 12484, '2025-09-18 17:43:22'),
('ironb', '21000000.000000000000000000', 12072, '2025-09-18 17:43:22'),
('defai', '21000000000.000000000000000000', 10997, '2025-09-18 17:43:22'),
('mobtc', '10000000000.000000000000000000', 7493, '2025-09-18 17:43:22'),
('dunks', '10000000000.000000000000000000', 6173, '2025-09-18 17:43:22');

-- SRC-20 balance data (10 records from production)
REPLACE INTO src20_balance (address, p, tick, amt, block_time) VALUES
('bc1qgpxxqc7w5rszq88wy8w7ztcqzck9y45e7lpvv6', 'SRC-20', 'mskk', '1400000.000000000000000000', UNIX_TIMESTAMP('2026-02-14 00:28:10')),
('bc1qhl8lns47swmf4ygzzk9fxnayeejgh7lfu487ff', 'SRC-20', 'mskk', '1400000.000000000000000000', UNIX_TIMESTAMP('2026-02-14 00:28:10')),
('bc1qgz2rc6ve8ycqngzqu8q577d3j4fqpfqxzpl2tz', 'SRC-20', 'mskk', '1400000.000000000000000000', UNIX_TIMESTAMP('2026-02-14 00:28:10')),
('bc1q2vve32cyu6mxnnn4sgghx3cyhw5wg5fw362tgk', 'SRC-20', 'mskk', '1400000.000000000000000000', UNIX_TIMESTAMP('2026-02-14 00:28:10')),
('bc1qkptes9fje9z3trq4zt5l97d48ztmaq3m8usme9', 'SRC-20', 'mskk', '1400000.000000000000000000', UNIX_TIMESTAMP('2026-02-14 00:28:10')),
('bc1qk2qy8t0az45cmhlnmas34dxtflqyfsanstmnlk', 'SRC-20', 'mskk', '1400000.000000000000000000', UNIX_TIMESTAMP('2026-02-14 00:28:10')),
('bc1qgrctvnhsylk5wl7aju85u9n896ve72ye2jkt70', 'SRC-20', 'mskk', '1400000.000000000000000000', UNIX_TIMESTAMP('2026-02-14 00:28:10')),
('bc1q30zamsrs65h3mlmzmgx9slj4lrukxdm8x8xtpk', 'SRC-20', 'mskk', '1400000.000000000000000000', UNIX_TIMESTAMP('2026-02-14 00:28:10')),
('bc1q0yfmh654x0t5upjth48p72kc8ptn2a0j5hrq94', 'SRC-20', 'mskk', '1400000.000000000000000000', UNIX_TIMESTAMP('2026-02-14 00:28:10')),
('bc1qczcjrv422r47srshk5gqs2y9mcf3xlx2huldq2', 'SRC-20', 'mskk', '1400000.000000000000000000', UNIX_TIMESTAMP('2026-02-14 00:28:10'));

-- ============================================================
-- MARKET DATA (from production)
-- ============================================================

-- Stamp market data (5 records)
REPLACE INTO stamp_market_data (cpid, floor_price_btc, recent_sale_price_btc, open_dispensers_count, closed_dispensers_count, total_dispensers_count, holder_count, unique_holder_count, top_holder_percentage, holder_distribution_score, volume_24h_btc, volume_7d_btc, volume_30d_btc, total_volume_btc, price_source, volume_sources, data_quality_score, confidence_level, last_updated, update_frequency_minutes) VALUES
('A8201185075257956014', 100000.00000000, NULL, 1, 0, 1, 1, 0, 0.00, 0.00, 0.00000000, 0.00000000, 0.00000000, 0.00000000, 'dispenser', '{"counterparty": 1.0}', 9.0, 8.0, '2026-02-12 20:31:57', 30),
('A2691100080711000801', 2000.00000000, NULL, 0, 0, 0, 0, 0, 0.00, 0.00, 0.00000000, 0.00000000, 0.00000000, 0.00000000, 'counterparty', '{"counterparty": 1.0}', 5.0, 3.0, '2025-07-19 09:08:51', 30),
('A2691100010707160602', 1050.00000000, NULL, 1, 0, 1, 0, 0, 0.00, 0.00, 0.00000000, 0.00000000, 0.00000000, 0.00000000, 'dispenser', '{"counterparty": 1.0}', 5.0, 5.0, '2025-07-19 12:52:45', 30),
('A2691100080604050102', 1049.10000000, NULL, 1, 0, 1, 0, 0, 0.00, 0.00, 0.00000000, 0.00000000, 0.00000000, 0.00000000, 'dispenser', '{"counterparty": 1.0}', 5.0, 5.0, '2025-07-19 12:39:32', 30),
('A2691100010501000201', 20.00000000, NULL, 1, 0, 1, 0, 0, 0.00, 0.00, 0.00000000, 0.00000000, 0.00000000, 0.00000000, 'dispenser', '{"counterparty": 1.0}', 5.0, 5.0, '2025-07-19 10:49:45', 30);

-- SRC-20 market data (6 records including KEVIN and STAMP)
REPLACE INTO src20_market_data (tick, price_btc, price_usd, floor_price_btc, market_cap_btc, market_cap_usd, volume_24h_btc, volume_7d_btc, volume_30d_btc, total_volume_btc, holder_count, circulating_supply, price_change_24h_percent, price_change_7d_percent, price_change_30d_percent, primary_exchange, exchange_sources, data_quality_score, last_updated, update_frequency_minutes) VALUES
('kevin', 0.00000003, 0.00098000, NULL, 12.28200000, 847529.84970000, 0.09125148, NULL, 0.00000000, 0.00000000, 2159, '690000000.000000000000000000', -4.85, 21.09, 0.00, 'bitmart', '["bitmart", "openstamp", "stampscan"]', 8.2, '2026-02-14 00:48:18', 5),
('stamp', 0.00000005, 0.00203000, NULL, 34.00000000, 2346198.90000000, 0.03255490, NULL, 0.00000000, 0.00000000, 14435, '1000000000.000000000000000000', -12.12, -2.86, 0.00, 'bitmart', '["bitmart", "openstamp", "stampscan"]', 8.2, '2026-02-14 00:48:17', 5),
('hour', 0.00000000, 0.00000076, NULL, 202914184.81080508, 999999999999.99999999, NULL, NULL, 0.00000000, 0.00000000, 1, NULL, NULL, NULL, 0.00, 'stampscan', '["stampscan"]', 10.0, '2026-02-14 00:48:13', 5),
('ORDINALS', 0.09800000, NULL, NULL, 2058000.00000000, 0.00000000, 0.00000000, 0.00000000, 0.00000000, 0.00000000, 0, '21000000.000000000000000000', -2.00, -2.00, 0.00, 'openstamp', '["openstamp"]', 8.0, '2025-07-21 03:58:41', 5),
('DOODLE', 0.00014000, NULL, NULL, 1400000.00000000, 0.00000000, 0.00000000, 0.00000000, 0.00000000, 0.00000000, 0, '10000000000.000000000000000000', 0.00, 0.00, 0.00, 'openstamp', '["openstamp"]', 8.0, '2025-07-21 03:58:37', 5),
('FBUTXO', 0.00070000, NULL, NULL, 700000.00000000, 0.00000000, 0.00000000, 0.00000000, 0.00000000, 0.00000000, 0, '1000000000.000000000000000000', 0.00, 0.00, 0.00, 'openstamp', '["openstamp"]', 8.0, '2025-07-21 03:58:37', 5);

-- ============================================================
-- COLLECTION DATA (from production)
-- ============================================================

-- Collections (9 total: 5 named + 4 referenced by creators/stamps)
REPLACE INTO collections (collection_id, collection_name, collection_description) VALUES
(UNHEX('015F0478516E4273DD90FE59C766DD98'), 'KEVIN', NULL),
(UNHEX('01FB16E3BD5B32AC00892FCAF9023BFD'), 'stampedninja', NULL),
(UNHEX('021C0CAD6986A081440A8AACEE166BB1'), 'INFINITY SEED', 'Unleash a universe of visual splendor with INFINITY SEED, where each stroke and hue is a response to your input. In this interactive art series, your chosen seed--a number or a phrase--blooms into a digital tapestry of algorithmic beauty. Every creation is '),
(UNHEX('029CA44721915C4D1D216430D65D457D'), 'the_pixel_karens', NULL),
(UNHEX('03B298DB2DE2F73787F81699D87CE224'), 'homerstamps', NULL),
(UNHEX('AA597956804B075E90AA85154246242F'), 'collection_aa59', NULL),
(UNHEX('6890362FD311C1B924D853B733870B0F'), 'collection_6890', NULL),
(UNHEX('A07E00311EAAED9DF424D1E22A548683'), 'collection_a07e', NULL),
(UNHEX('6AB89B2AA163F332DF16BBCBDB4AF13A'), 'collection_6ab8', NULL);

-- Collection creators (3)
REPLACE INTO collection_creators (collection_id, creator_address) VALUES
(UNHEX('AA597956804B075E90AA85154246242F'), '1BxLHAUWAhN2LHWgvB9nJZRi93jjK2w2rx'),
(UNHEX('6890362FD311C1B924D853B733870B0F'), '1WweVUK8kLmSNt6yKKqwVxch3Z7Lw5HAY'),
(UNHEX('A07E00311EAAED9DF424D1E22A548683'), '1WweVUK8kLmSNt6yKKqwVxch3Z7Lw5HAY');

-- Collection stamps (10 records from production)
REPLACE INTO collection_stamps (collection_id, stamp) VALUES
(UNHEX('6AB89B2AA163F332DF16BBCBDB4AF13A'), -1832),
(UNHEX('6AB89B2AA163F332DF16BBCBDB4AF13A'), -1831),
(UNHEX('6AB89B2AA163F332DF16BBCBDB4AF13A'), -1830),
(UNHEX('6AB89B2AA163F332DF16BBCBDB4AF13A'), -1829),
(UNHEX('6AB89B2AA163F332DF16BBCBDB4AF13A'), -1828),
(UNHEX('6AB89B2AA163F332DF16BBCBDB4AF13A'), -1827),
(UNHEX('6AB89B2AA163F332DF16BBCBDB4AF13A'), -1826),
(UNHEX('6AB89B2AA163F332DF16BBCBDB4AF13A'), -1825),
(UNHEX('6AB89B2AA163F332DF16BBCBDB4AF13A'), -1824),
(UNHEX('6AB89B2AA163F332DF16BBCBDB4AF13A'), -1823);

-- ============================================================
-- SRC-101 DATA (from production)
-- ============================================================

-- SRC-101 valid transactions (4 records)
REPLACE INTO src101 (tx_hash, block_index, p, op, root, name, tokenid, tokenid_utf8, tick_hash, description, tick, wla, imglp, imgf, deploy_hash, creator, pri, lim, mintstart, mintend, owner, block_time, tx_index) VALUES
('741b37ef6d2a7935ce219d3825f40bcfde3b5b4cd1957adb19fa916a22808f81', 893664, 'SRC-101', 'TRANSFER', NULL, NULL, 'U0FUT1NISU5BS0FNT1RP', 'satoshinakamoto', NULL, NULL, NULL, NULL, NULL, NULL, '77fb147b72a551cf1e2f0b37dccf9982a1c25623a7fe8b4d5efaac566cf63fed', 'bc1qc0tqndcrplhpar6zy7kcvwdfhfn4pvh7d0lsu6', NULL, NULL, NULL, NULL, NULL, UNIX_TIMESTAMP('2025-04-23 17:14:48'), 1028612),
('b1fbc6250e103d43e84750385bc529cf457e916f823c6fc5f0ab64b9ba15d857', 893666, 'SRC-101', 'TRANSFER', NULL, NULL, 'U0FUT1NISU5BS0FNT1RP', 'satoshinakamoto', NULL, NULL, NULL, NULL, NULL, NULL, '77fb147b72a551cf1e2f0b37dccf9982a1c25623a7fe8b4d5efaac566cf63fed', 'bc1q0cdejlt0dhtqfrmjugpdmq83ecrnvw99z0wl4j', NULL, NULL, NULL, NULL, NULL, UNIX_TIMESTAMP('2025-04-23 17:39:01'), 1028652),
('ae7ca7d71afa893b1f57fd3dbcfe35e433ea729adea7496cc8c1510fa149d3d8', 893762, 'SRC-101', 'TRANSFER', NULL, NULL, 'MTM1Nzk=', '13579', NULL, NULL, NULL, NULL, NULL, NULL, '77fb147b72a551cf1e2f0b37dccf9982a1c25623a7fe8b4d5efaac566cf63fed', 'bc1qvw44al3dmtqkxpv49lp376dc5pz66nkad6p36l', NULL, NULL, NULL, NULL, NULL, UNIX_TIMESTAMP('2025-04-24 12:19:44'), 1030275),
('96a694822db1585dd5a7e201708766c5565761176046ad300662b1dafb7a899f', 893765, 'SRC-101', 'TRANSFER', NULL, NULL, 'MTM1Nzk=', '13579', NULL, NULL, NULL, NULL, NULL, NULL, '77fb147b72a551cf1e2f0b37dccf9982a1c25623a7fe8b4d5efaac566cf63fed', 'bc1qq0vh4x6nuqz504q4pa8t8zeptg8sax4jx6vcke', NULL, NULL, NULL, NULL, NULL, UNIX_TIMESTAMP('2025-04-24 12:36:55'), 1030375);

-- SRC-101 all transactions (4 records including invalid status)
REPLACE INTO src101_all (tx_hash, block_index, p, op, root, name, tokenid, tokenid_utf8, tick_hash, description, tick, wla, imglp, imgf, deploy_hash, creator, pri, lim, mintstart, mintend, owner, toaddress, destination, destination_nvalue, block_time, tx_index, status) VALUES
('741b37ef6d2a7935ce219d3825f40bcfde3b5b4cd1957adb19fa916a22808f81', 893664, 'SRC-101', 'TRANSFER', NULL, NULL, 'U0FUT1NISU5BS0FNT1RP', 'satoshinakamoto', NULL, NULL, NULL, NULL, NULL, NULL, '77fb147b72a551cf1e2f0b37dccf9982a1c25623a7fe8b4d5efaac566cf63fed', 'bc1qc0tqndcrplhpar6zy7kcvwdfhfn4pvh7d0lsu6', NULL, NULL, NULL, NULL, NULL, 'bc1q0cdejlt0dhtqfrmjugpdmq83ecrnvw99z0wl4j', 'bc1q0cdejlt0dhtqfrmjugpdmq83ecrnvw99z0wl4j', 290700, UNIX_TIMESTAMP('2025-04-23 17:14:48'), 1028612, NULL),
('b1fbc6250e103d43e84750385bc529cf457e916f823c6fc5f0ab64b9ba15d857', 893666, 'SRC-101', 'TRANSFER', NULL, NULL, 'U0FUT1NISU5BS0FNT1RP', 'satoshinakamoto', NULL, NULL, NULL, NULL, NULL, NULL, '77fb147b72a551cf1e2f0b37dccf9982a1c25623a7fe8b4d5efaac566cf63fed', 'bc1q0cdejlt0dhtqfrmjugpdmq83ecrnvw99z0wl4j', NULL, NULL, NULL, NULL, NULL, 'bc1qa5vplf799j6hesxnu6fzv4pq0q9p8rde36w9a4', 'bc1qa5vplf799j6hesxnu6fzv4pq0q9p8rde36w9a4', 547, UNIX_TIMESTAMP('2025-04-23 17:39:01'), 1028652, 'NO: INVALID OWNER, bc1q0cdejlt0dhtqfrmjugpdmq83ecrnvw99z0wl4j NOR OWN 77fb147b72a551cf1e2f0b37dccf9982a1c25623a7fe8b4d5efaac566cf63fed: U0FUT1NISU5BS0FNT1RP'),
('ae7ca7d71afa893b1f57fd3dbcfe35e433ea729adea7496cc8c1510fa149d3d8', 893762, 'SRC-101', 'TRANSFER', NULL, NULL, 'MTM1Nzk=', '13579', NULL, NULL, NULL, NULL, NULL, NULL, '77fb147b72a551cf1e2f0b37dccf9982a1c25623a7fe8b4d5efaac566cf63fed', 'bc1qvw44al3dmtqkxpv49lp376dc5pz66nkad6p36l', NULL, NULL, NULL, NULL, NULL, 'bc1qq0vh4x6nuqz504q4pa8t8zeptg8sax4jx6vcke', 'bc1qq0vh4x6nuqz504q4pa8t8zeptg8sax4jx6vcke', 102000, UNIX_TIMESTAMP('2025-04-24 12:19:44'), 1030275, NULL),
('96a694822db1585dd5a7e201708766c5565761176046ad300662b1dafb7a899f', 893765, 'SRC-101', 'TRANSFER', NULL, NULL, 'MTM1Nzk=', '13579', NULL, NULL, NULL, NULL, NULL, NULL, '77fb147b72a551cf1e2f0b37dccf9982a1c25623a7fe8b4d5efaac566cf63fed', 'bc1qq0vh4x6nuqz504q4pa8t8zeptg8sax4jx6vcke', NULL, NULL, NULL, NULL, NULL, 'bc1qsyl8u3dyj8svrdk5aa05n6ztslkp33234jx9vc', 'bc1qsyl8u3dyj8svrdk5aa05n6ztslkp33234jx9vc', 547, UNIX_TIMESTAMP('2025-04-24 12:36:55'), 1030375, NULL);

-- SRC-101 pricing tiers (5 records from production)
REPLACE INTO src101_price (deploy_hash, len, price) VALUES
('1e0425ceb79715038257750db5d19cb06e0690b392189379d2d10e42e5bb9f62', 0, 10),
('1e0425ceb79715038257750db5d19cb06e0690b392189379d2d10e42e5bb9f62', 1, -1),
('1e0425ceb79715038257750db5d19cb06e0690b392189379d2d10e42e5bb9f62', 2, -1),
('1e0425ceb79715038257750db5d19cb06e0690b392189379d2d10e42e5bb9f62', 3, 10),
('1e0425ceb79715038257750db5d19cb06e0690b392189379d2d10e42e5bb9f62', 4, 10);

-- SRC-101 recipients (5 records from production)
REPLACE INTO src101_recipients (deploy_hash, address) VALUES
('1e0425ceb79715038257750db5d19cb06e0690b392189379d2d10e42e5bb9f62', 'bc1q7hfpkd39tqe7lske5uyhaj7y2adrjfuaufceu9'),
('2f14fec59e464059523ca87b244066ff8f1cb4b39a61b2ffc69bddfc9a43b672', '18NPvZaDyWAcTRKTTnz21Eh2TUVbmx79pF'),
('2f14fec59e464059523ca87b244066ff8f1cb4b39a61b2ffc69bddfc9a43b672', '1CbAoTzLQNacNLDiiSgz2TajkAYcTxbFC'),
('2f14fec59e464059523ca87b244066ff8f1cb4b39a61b2ffc69bddfc9a43b672', '1JfCtvEiJ6q6zBH9QJDjQz4BrE7fGJfVy1'),
('2f14fec59e464059523ca87b244066ff8f1cb4b39a61b2ffc69bddfc9a43b672', '1k3rQv78PmB4K6ziJf8A8GcNMapx4ZdEA');

-- SRC-101 ownership records (5 records from production)
REPLACE INTO src101_owners (`index`, deploy_hash, p, tokenid, tokenid_utf8, owner, txt_data, expire_timestamp, img, address_btc, address_eth, prim) VALUES
(2, '2f14fec59e464059523ca87b244066ff8f1cb4b39a61b2ffc69bddfc9a43b672', 'SRC-101', 'MjIyMjIyMg==', '2222222', 'bc1q5jh7yjer6ruftaagctzs2vcm6qz5qr0k6hxvzx', NULL, 33236561325, 'https://img.bitname.pro/pic/2222222.btc.png', 'bc1q5jh7yjer6ruftaagctzs2vcm6qz5qr0k6hxvzx', NULL, 0),
(1, '2f14fec59e464059523ca87b244066ff8f1cb4b39a61b2ffc69bddfc9a43b672', 'SRC-101', 'YmVyaWNo', 'berich', 'bc1q5jh7yjer6ruftaagctzs2vcm6qz5qr0k6hxvzx', NULL, 33236544855, 'https://img.bitname.pro/pic/berich.btc.png', 'bc1q5jh7yjer6ruftaagctzs2vcm6qz5qr0k6hxvzx', NULL, 1),
(1942, '77fb147b72a551cf1e2f0b37dccf9982a1c25623a7fe8b4d5efaac566cf63fed', 'SRC-101', 'anVkZ21lbnRkYXk=', 'judgmentday', 'bc1q0t7z6hj5pkkdj46y0dprky3eape07ukufwt6aw', NULL, 33271663147, 'https://img.bitname.pro/pic/judgmentday.btc.png', 'bc1q0t7z6hj5pkkdj46y0dprky3eape07ukufwt6aw', NULL, 0),
(1943, '77fb147b72a551cf1e2f0b37dccf9982a1c25623a7fe8b4d5efaac566cf63fed', 'SRC-101', 'bWFjaGluZWVjb25vbXk=', 'machineeconomy', 'bc1q4v4rhn54anlk23ve3zlmly9akkmgn4lesttf43', NULL, 33272764189, 'https://img.bitname.pro/pic/machineeconomy.btc.png', 'bc1q4v4rhn54anlk23ve3zlmly9akkmgn4lesttf43', NULL, 1),
(1939, '77fb147b72a551cf1e2f0b37dccf9982a1c25623a7fe8b4d5efaac566cf63fed', 'SRC-101', 'c2t5bmV0', 'skynet', 'bc1q0t7z6hj5pkkdj46y0dprky3eape07ukufwt6aw', NULL, 33271661048, 'https://img.bitname.pro/pic/skynet.btc.png', 'bc1q0t7z6hj5pkkdj46y0dprky3eape07ukufwt6aw', NULL, 0);

-- ============================================================
-- Summary Statistics
-- ============================================================
-- Blocks: 37 total (all from production, covering all referenced block_index values)
-- Stamps: 25 total (5 regular, 5 cursed, 5 SRC-20, 5 with market data, 5 for pagination)
-- Creators: 5 total (from production)
-- SRC-20 transactions: 20 total (5 DEPLOY, 10 MINT, 5 TRANSFER)
-- SRC-20 balances: 10 holders (from production)
-- SRC-20 token stats: 10 tokens (from production)
-- SRC-101 transactions: 4 valid + 4 all (from production)
-- SRC-101 pricing: 5 tiers (from production)
-- SRC-101 recipients: 5 records (from production)
-- SRC-101 owners: 5 records (from production)
-- Collections: 9 total (5 named + 4 referenced by creators/stamps)
-- Collection creators: 3 records (from production)
-- Collection stamps: 10 records (from production)
-- Market data: 6 SRC-20 tokens + 5 stamp entries (from production)
-- ============================================================
